<?xml version="1.0"?>
<!--<!DOCTYPE metadata SYSTEM "http://www.esri.com/metadata/esriprof80.dtd">-->
<metadata xml:lang="fr"><Esri><CreaDate>20150803</CreaDate><CreaTime>14421700</CreaTime><SyncOnce>TRUE</SyncOnce><DataProperties><lineage><Process ToolSource="C:\Program Files\ArcGIS\ArcToolbox\Toolboxes\Data Management Tools.tbx\SelectLayerByLocation" Date="20110803" Time="112716">SelectLayerByLocation BATI_INDIFFERENCIE HAVE_THEIR_CENTER_IN Commune # NEW_SELECTION BATI_INDIFFERENCIE</Process><Process ToolSource="C:\Program Files\ArcGIS\ArcToolbox\Toolboxes\Data Management Tools.tbx\SelectLayerByLocation" Date="20110803" Time="114216">SelectLayerByLocation BATI_lyr HAVE_THEIR_CENTER_IN COMSEL_lyr "0 Unknown" NEW_SELECTION BATI_lyr</Process><Process ToolSource="C:\Program Files\ArcGIS\ArcToolbox\Toolboxes\Data Management Tools.tbx\SelectLayerByLocation" Date="20110804" Time="175226">SelectLayerByLocation BATI_lyr HAVE_THEIR_CENTER_IN COMSEL_lyr "0 Unknown" NEW_SELECTION BATI_lyr</Process><Process ToolSource="C:\Program Files\ArcGIS\ArcToolbox\Toolboxes\Data Management Tools.tbx\SelectLayerByLocation" Date="20110804" Time="175821">SelectLayerByLocation BATI_lyr HAVE_THEIR_CENTER_IN COMSEL_lyr "0 Unknown" NEW_SELECTION BATI_lyr</Process></lineage></DataProperties><ArcGISFormat>1.0</ArcGISFormat></Esri></metadata>
